beds,baths,size,lot_size,zip_code,price
3,2.5,2590,6000,98144,795000
4,2,2240,0.31,98106,915000
4,3,2040,3783,98107,950000
4,3,3800,5175,98199,1950000
2,2,1042,,98102,950000
2,2,1190,1,98107,740000
1,1,670,6000,98133,460000
5,3.5,4510,6000,98105,3150000
3,2.5,1520,741,98108,565000
4,2,2340,9500,98178,699000
3,2,1320,1386,98103,899000
3,2,1800,3993,98177,1050000
3,2.5,2490,5757,98103,935625
4,3,2650,6380,98115,1511000
5,1.5,2560,5200,98199,1330000
2,1.5,900,,98133,549755
3,3.5,1360,,98103,700000
1,1,550,,98122,330000
3,2.5,2974,3840,98119,1750000
4,3.5,1989,1607,98117,980000
2,2,1332,1101,98199,845000
4,3,2668,5589,98116,1213000
2,1,770,5250,98133,530000
3,1.5,1280,9100,98146,625000
5,3.5,3200,9260,98133,1275000
2,1.5,889,0.23,98103,680000
1,1,508,,98109,325000
3,2,3140,5000,98117,1219700
4,2,2000,8077,98125,907200
1,1,792,,98101,517000
3,2.5,1690,1733,98108,760000
4,5.5,3000,5520,98126,1484000
3,3,1550,1400,98115,950000
2,2,871,0.29,98119,430000
4,1.5,1940,8778,98118,520000
1,1,474,,98101,335000
3,2,1770,3349,98146,805000
5,5,2510,0.27,98133,1000000
1,1,750,,98199,375000
1,1,573,,98102,390000
3,2.5,1500,1056,98103,1070000
5,4,2920,6323,98133,948000
3,2,2817,6375,98103,912000
1,1,617,0.49,98109,480000
2,2,1280,3000,98112,776000
2,2,1523,,98121,1395000
2,1,1240,5038,98126,750000
4,2.5,2280,3932,98106,1065000
5,3.5,3590,0.36,98136,2350000
4,3.5,2478,2761,98115,1580000
3,3,2360,6600,98117,1775000
2,1,720,7500,98177,600000
3,2,2480,5829,98126,800000
3,2,1550,6720,98199,1100000
2,1,780,3060,98103,750000
5,3,2820,6250,98136,865000
5,3,2900,3600,98112,1450000
2,2,1092,5500,98122,829000
3,2,1731,7514,98125,575000
3,2.5,1500,8240,98105,860000
2,2.5,1344,1110,98122,770000
4,5.5,4040,8965,98105,5495000
5,3,2320,0.27,98168,560000
5,3,2820,6250,98136,900000
3,1,1070,3840,98117,575000
2,1,1113,,98102,595000
4,2,2100,4864,98117,950000
3,2.5,2620,4080,98119,1300000
3,2,1270,1333,98103,727000
3,2,2702,6600,98103,1605000
4,3.5,2031,1,98117,1480000
3,2,2350,7320,98178,888000
4,1.5,2640,7440,98115,1850000
3,1.5,1340,5120,98106,615000
6,3.5,8660,0.28,98102,4100000
2,2.5,1365,,98118,525000
1,1,635,,98104,509950
3,1,1800,0.27,98168,549000
2,1,870,6554,98118,555000
3,3.5,1510,1239,98103,660000
3,1,1120,6096,98106,615000
4,2.5,2580,0.26,98146,1635000
2,2,875,,98115,420000
3,4,2220,974,98109,1650000
1,1,607,,98119,427000
3,2,1496,1,98144,910000
4,3.5,2670,3405,98118,1022700
2,1.5,1810,6827,98115,925000
1,1,582,0.5,98109,360000
2,2,1006,,98121,928000
3,5.5,1530,1336,98103,635000
2,1,820,5100,98118,490000
3,2,1960,5000,98105,950000
4,3,2110,0.24,98133,760000
4,3.5,3010,4000,98106,985000
3,1,2200,5000,98105,1250000
3,2.5,1820,4.05,98118,690000
4,4,3040,4000,98119,1585000
3,2,1800,6180,98118,936000
1,1,800,,98122,450000
3,3,1450,525,98117,750000
1,1,756,,98121,550000
1,1,742,,98126,354000
4,2,2400,5400,98119,1385000
2,2,1607,,98101,1865000
4,3.5,3057,7650,98117,1800000
1,1,649,,98105,346600
4,4,3142,6000,98119,1600000
3,1,1050,3750,98106,399950
3,2,1720,5000,98199,855000
3,3.5,2650,8500,98136,1095000
2,1.5,2680,6000,98102,1125000
4,2.5,2550,5000,98115,1560000
9,4,3800,6000,98116,1343000
2,2,1320,,98125,525000
4,2,1910,6000,98168,630000
2,1,773,0.25,98133,360000
1,1,589,,98121,375000
1,1,510,,98102,302500
4,3.5,2661,4081,98108,1165000
2,2,843,,98103,346250
4,3,2250,5250,98115,1150000
4,1.5,2080,5000,98116,950000
3,3.5,1370,982,98117,699500
1,1,699,4.27,98115,335000
2,3,1840,9420,98125,800000
4,3.5,3040,0.39,98177,1495000
2,1,858,,98144,500000
5,8.5,3110,4455,98115,1606500
2,2,1147,564,98115,749950
2,1,868,,98144,415000
2,2.5,1538,900,98105,895000
2,1,1480,4600,98126,720000
2,2,932,,98103,435000
2,2,981,,98133,450000
2,2,866,649,98107,555000
4,3.5,2000,1532,98115,870000
3,3.5,1470,1375,98117,845000
2,2,1840,5000,98122,1200000
4,2,2230,5940,98125,925000
2,1.5,1290,1332,98115,795000
3,2.5,1670,,98178,600000
1,1,630,0.24,98146,459000
3,2,1880,3200,98144,911000
2,2,1188,,98102,1350000
2,1.5,1300,3146,98133,570288
1,1,857,,98121,529000
2,2,1071,1.54,98119,605000
5,4,2810,5000,98103,1295000
4,2.5,2400,3200,98109,1595000
3,3.5,1670,,98178,600000
3,2.5,2734,4000,98109,1605200
3,2.5,1670,1687,98117,865000
3,3,1530,2260,98126,745000
4,1,1720,2835,98122,543750
3,1,1200,5786,98105,1099950
5,3,2030,5046,98144,905000
3,2,2370,4865,98126,1200000
3,1.5,1720,3825,98117,825000
1,1,813,0.24,98121,680000
3,2,1590,8937,98106,720000
1,1,626,,98122,389200
2,1,840,4000,98108,489000
2,2,1030,,98122,575000
5,2.5,2870,8741,98168,520000
1,1,792,,98121,675000
2,1.5,994,1494,98106,580000
3,2,1630,6000,98168,630000
3,1.5,1172,,98122,685000
3,2,1806,4400,98126,799000
4,2.5,3060,4590,98115,1450000
5,3.5,3820,7200,98118,1350000
2,2,1328,,98104,510000
3,2.5,2350,7200,98115,1582800
3,2.5,2080,9880,98117,977000
3,1,1000,5960,98118,710000
2,1.5,1131,1,98144,685000
4,3,2230,9625,98178,1205000
5,3,3130,5750,98122,2095000
5,3,3750,5000,98107,1580000
2,2,1080,,98144,450000
2,2,1720,5000,98116,985000
1,1,854,,98107,455000
3,2,1286,870,98136,738000
2,1.5,1230,,98122,650000
2,1,1422,3399,98117,715000
4,3.5,3956,0.29,98125,3200000
6,5,3620,5500,98119,1420000
3,1.5,1370,6556,98178,659950
1,1,700,,98144,325100
2,3,1824,0.37,98101,2458000
1,1,956,,98104,870000
4,2,2370,5000,98115,1350000
4,2.5,2200,5146,98106,825000
6,3,3020,0.75,98178,775000
5,3,3400,0.43,98168,756500
3,1,1660,4349,98115,749900
4,2,2080,7200,98178,675000
2,1.5,917,,98103,625000
2,1,900,6150,98126,480000
4,4.5,3960,7025,98144,2485000
1,1,889,,98121,723000
5,3.5,3310,6328,98115,1575000
1,1,621,0.31,98133,289900
3,3.5,1467,,98144,859990
4,2,1910,5166,98106,685000
3,2.5,1563,1950,98118,839950
5,3.5,3340,0.24,98106,980000
4,3,2390,3600,98119,1300000
2,1.5,1131,1,98144,670000
2,2,1201,720,98103,699950
3,3,1940,5000,98199,450000
1,1,519,,98105,354000
2,1,1760,4625,98116,715000
4,3,1680,3080,98117,905000
2,2,1192,928,98103,719950
4,4,2300,3589,98105,1440000
3,2.5,2304,5000,98117,1100000
4,4,2650,6000,98103,1000000
5,4,4210,5200,98105,2625000
4,3,2840,9996,98177,1350000
2,1,980,4100,98107,863000
4,4.5,2440,5000,98105,1900000
2,2,1140,2550,98117,590000
4,3.5,1824,3250,98103,1299000
2,2,1115,0.96,98121,1069000
4,3,2478,4001,98105,2095000
2,2,1140,5445,98133,665000
3,1.5,1172,5760,98122,685000
2,2,1433,1948,98136,750000
3,2,1520,4000,98117,760000
3,2.5,1380,2250,98106,590000
15,6,11010,0.33,98112,3700000
4,2,1750,4950,98105,1025000
3,2.5,3590,4250,98103,1725000
1,1,646,,98133,332000
5,3,2040,6180,98118,605000
2,2,1560,6750,98115,980000
2,2.5,1088,5500,98107,835000
2,1,1460,5700,98115,400000
3,2,1380,2909,98117,800000
2,1,1000,4640,98116,793000
2,2,1128,6000,98144,625000
1,1,776,1.09,98116,515000
3,2.5,2000,7440,98106,799000
3,2,2029,,98115,685000
4,5.5,2867,4983,98115,1750000
4,3,1180,4650,98117,956300
3,2,1920,3154,98199,1067000
2,2,2220,5950,98126,551000
2,3,1300,915,98107,780000
1,1,596,,98109,445000
3,2,1460,5005,98106,583000
3,2.5,2500,4305,98117,1685000
3,2.5,1540,1037,98122,852500
5,3,2550,6604,98106,940000
2,2,1018,,98199,545000
3,2.5,1520,1062,98106,540700
1,1,640,0.35,98104,345000
4,3,2190,5136,98126,860000
2,1,930,6000,98133,620000
5,2.5,2900,0.23,98106,800000
4,3.5,2780,4000,98112,950000
3,1,2560,8927,98125,776000
1,1,613,,98122,325000
3,2.5,1566,1602,98122,875000
2,2,1245,4.11,98168,330000
3,2.5,1190,1290,98144,750000
5,2.5,2760,6350,98126,1025000
4,1.5,3260,5568,98199,1695000
4,3,2380,4635,98115,1399999
2,2.5,1884,0.27,98116,925000
3,2.5,1712,1215,98117,910000
2,2,1196,780,98107,734999
3,2,1098,2320,98105,864950
3,3,1250,6350,98117,815000
1,1,880,4500,98122,700000
2,1.5,822,,98144,400000
4,2,1595,5500,98118,525000
3,3,2380,5000,98136,1230000
3,2,3190,4380,98112,2700000
3,2.5,1465,2973,98119,1175000
4,2,2910,8360,98115,1400000
2,3,1140,650,98144,675000
1,1,500,4000,98168,385000
3,2,1580,6400,98126,942000
1,1,683,,98121,601000
5,3,2430,7812,98133,915000
2,2,1128,,98136,479950
2,2,2360,5800,98199,1460000
3,2.5,1396,4800,98136,780000
1,1,615,,98102,485000
4,2,2340,7500,98115,925000
4,1.5,2140,6511,98125,700500
4,3,2980,4480,98105,1090000
3,1.5,1390,9350,98168,412000
2,1,720,4240,98106,525000
1,1,712,,98133,325000
4,2.5,1850,2856,98108,945000
3,4.5,1710,1326,98126,725000
2,1,970,0.35,98106,386000
3,2,1606,900,98109,1450000
3,2.5,1815,1500,98103,1295000
2,1,1120,1188,98122,700000
4,2,2220,9295,98177,995000
1,1,570,,98116,345000
3,2,1460,4590,98117,888000
5,3,3820,7980,98116,1575000
3,3.5,2480,2400,98119,1795000
5,3,2777,7026,98125,1338600
2,2,1170,588,98144,624999
1,1,587,,98125,260000
3,1,1430,2280,98103,980000
2,5.5,1320,1250,98144,679950
2,2,2170,5250,98116,893000
1,1,635,,98102,495000
3,1.5,1630,6615,98115,895000
2,2,1900,2164,98122,1310000
3,2,1760,4000,98106,689000
3,2.5,1712,1514,98107,970000
4,2.5,3190,5500,98102,1820000
4,3.5,3590,4000,98109,2900000
1,1,630,4895,98133,255000
2,2,1150,,98121,615000
5,2,1830,5220,98118,665000
2,1,760,3072,98144,250000
3,2.5,2600,5100,98117,1148000
3,2,2130,4850,98107,990200
3,3.5,2899,5346,98199,1800000
3,1,1090,0.31,98178,400000
4,4,3360,5000,98107,1200000
4,2.5,2240,5229,98117,1050000
2,1,886,8863,98112,620000
3,2,1560,4960,98106,799000
4,2,1730,8100,98146,852000
3,2,1700,5346,98115,1150000
4,3.5,1909,1544,98103,1500000
3,2,2180,3740,98117,1012000
1,1,681,,98105,470000
3,3,1460,7200,98144,1000000
1,1,704,,98119,365000
2,1,1010,6750,98125,549950
2,2.5,1635,,98102,1850000
2,1.5,1022,,98144,655000
3,1,990,8100,98146,635000
2,2,1164,8280,98117,706474
1,1,583,0.29,98119,349000
2,1.5,888,,98103,700000
4,2,2740,6000,98119,1400000
3,2,1670,5400,98118,485000
3,1,830,7800,98125,660000
2,2,1200,1247,98122,705000
3,3.5,2530,1880,98102,1299000
4,3,2660,5100,98117,1360000
4,2,2820,4764,98117,1441000
2,1,1011,0.24,98103,159488
2,1.5,1088,1518,98106,590000
6,3.5,3785,5150,98117,3150000
3,2,1540,1102,98144,630000
2,1.5,1180,0.25,98168,575000
3,3.5,1968,1498,98199,980000
1,1,610,0.59,98119,340000
2,2,1346,0.53,98116,800000
2,2.5,1320,1030,98133,570000
3,3.5,3064,0.59,98121,2450000
3,2,2980,5800,98115,1415000
4,3.5,3050,6146,98102,2250000
3,2,2020,7200,98133,917500
3,2.5,1926,1483,98122,1148000
2,1,1330,7425,98125,479000
3,2,2410,4950,98199,1083000
2,2.5,1580,5000,98106,699000
3,1,1030,4480,98105,710000
3,3,1630,6721,98168,615000
4,2.5,2370,3600,98146,750000
1,1,783,,98101,530000
4,1,1310,6000,98146,735000
3,2,1996,4656,98117,986500
3,2,1580,6396,98126,820000
1,1,781,,98122,481000
2,2,1517,,98105,1350000
4,2,2360,6120,98115,950000
3,2,1496,1,98144,824500
2,2.5,1250,1027,98117,725000
2,2,1810,,98119,1350000
1,1,531,,98121,489000
4,2.5,2380,5000,98105,1900000
2,2,1095,617,98177,599950
2,2,1080,1175,98106,533500
2,2,1146,800,98112,845000
4,2.5,1544,2352,98117,850000
1,1,707,0.26,98122,590000
4,3,2067,1,98122,1074900
4,3,2360,7200,98115,1360000
2,2,724,5400,98103,430000
2,2.5,1649,,98118,765000
5,2.5,2180,4069,98118,1009975
3,2,1960,4400,98199,955000
1,1,727,5250,98103,445000
3,2,1209,752,98116,725000
1,1,650,,98116,349000
5,3,3070,3400,98117,1450000
4,2.5,2130,6250,98136,960000
4,2.5,2220,3770,98144,1235000
4,3,2288,6550,98126,1105000
2,2,1370,,98121,1050000
5,3,3120,7865,98178,795000
4,2.5,2180,6099,98115,1275000
3,2,1590,3000,98146,560000
3,1.5,2220,6270,98115,930000
1,1,813,,98178,240000
1,1,574,1.17,98109,280000
4,2,2480,5996,98122,825000
4,3,3320,5750,98116,750000
2,1,1720,5017,98118,575000
3,2,2050,5000,98109,1265000
4,3,2370,3880,98115,1830000
4,5,3660,0.29,98118,2695000
3,3.5,1670,905,98107,1115000
2,3.5,990,0.86,98178,405000
3,3,3120,5996,98199,1350000
3,2,2260,6000,98199,1300000
2,1,650,3780,98103,708888
3,3.5,1540,2322,98126,699950
3,3.5,1980,1659,98144,1055000
3,1,2160,5100,98115,920000
4,2.5,3080,0.3,98117,1650000
2,3,1740,4148,98105,1395000
3,2,1900,4000,98112,1766000
9,5,3940,5303,98133,1089000
2,1.5,1366,,98116,839000
4,1.5,1920,0.24,98125,850000
1,1,715,,98115,515000
3,2.5,1610,1690,98107,895000
6,4,2960,3796,98199,1050000
4,2,1810,5100,98117,945000
2,2,1125,,98102,705000
2,2,1893,9.2,98115,727000
3,2,1096,1,98117,875000
3,4.5,3760,7000,98199,1570000
4,2.5,2720,8000,98136,1315000
2,2,1510,7200,98105,915000
2,2,1350,815,98119,1035000
4,3.5,2980,4800,98112,2400000
2,2,1443,,98168,325000
2,2,1170,,98115,428000
5,2,2260,3848,98117,865000
3,2,1990,8710,98146,730000
2,1.5,1555,0.96,98122,677500
3,2,2350,4400,98122,1140000
2,1,1440,6090,98125,699950
1,1,627,1.06,98107,429000
1,1,551,,98121,410000
2,1,770,5896,98126,560000
3,2.5,1570,1342,98103,700000
1,1,699,,98199,390000
3,3,2650,8612,98105,1600000
2,1.5,1070,1726,98103,850000
3,0.5,1941,3726,98103,892700
3,2.5,2030,3999,98115,1439000
2,1,1620,0.39,98178,619000
2,2.5,1400,1112,98103,850000
3,2,2354,4400,98115,938000
2,3.5,1155,,98118,219700
3,1,1340,7669,98177,785000
2,1,903,4.06,98146,363500
3,1.5,1220,6350,98103,599000
2,1,1250,4500,98118,500000
2,2,1040,6800,98133,625000
2,1,1660,4800,98109,850000
1,1,744,,98115,345000
2,1.5,805,5000,98107,500000
3,1,1060,4000,98117,1125000
5,3.5,3160,6200,98112,2300000
3,3,1120,4800,98168,525000
4,2.5,1881,1881,98133,870000
5,2.5,3460,7464,98144,2425000
1,1,376,0.23,98199,1000000
2,2,880,0.23,98126,680000
1,1,794,,98121,660000
3,2,1340,2211,98103,925000
4,2.5,2560,6582,98116,1712000
4,2,2178,6800,98133,880000
2,1,1180,,98122,870260
4,3.5,3220,6250,98199,2195000
3,3,2070,4227,98136,730000
3,2.5,2131,1036,98119,1520000
2,3,970,593,98102,769900
6,3.5,2430,5580,98108,870000
3,2.5,1395,1418,98116,725000
3,2.5,1810,6925,98125,922000
2,1,904,,98122,520000
1,1,717,0.27,98109,425000
5,3,2170,7500,98178,775000
4,3,3120,9750,98144,1670000
3,2,1870,4000,98136,849000
4,3.5,2285,1792,98116,1500000
3,2.5,2783,7206,98199,1640000
4,2,2540,4700,98107,1280000
2,2,1734,,98109,725000
2,1,1010,0.34,98125,870000
3,2.5,1420,1873,98103,890000
3,1,1410,7080,98118,475000
3,2,2320,4000,98115,880000
1,1,553,,98103,335000
3,2,1719,1056,98103,1160000
4,2,2037,3326,98119,1247500
1,1,954,,98101,555000
2,1.5,1370,938,98115,700000
2,1,1480,6734,98117,905000
5,4.5,3636,6180,98115,2840000
3,1.5,1780,4800,98126,650000
3,2,1094,2332,98108,649995
1,1,830,5100,98103,695000
2,2,834,,98126,351000
2,1.5,1035,,98112,656500
4,3,2790,0.35,98133,965000
2,2,859,,98126,499950
4,3.5,5690,7469,98112,3630000
2,1,772,,98103,409000
3,1,1430,0.37,98168,499800
3,2.5,1460,1850,98106,575000
3,2.5,1386,1065,98107,999950
5,3,2310,4011,98106,780000
2,1.5,1340,4342,98115,675000
2,4,1291,1361,98116,800500
3,2.5,2320,4400,98116,949000
3,2.5,2150,0.32,98116,1360000
2,2,1885,,98115,550000
3,2,1425,759,98117,750000
3,2.5,1810,1436,98107,1000000
2,1,1280,2690,98118,859000
3,3,1480,9127,98117,729000
3,3,2110,7324,98177,1270000
2,1,1027,,98115,300000
1,1,808,,98101,730000
3,2.5,1569,1553,98107,950000
3,3,2247,866,98109,1725000
3,1,1220,5000,98107,750000
2,1,1060,3250,98103,900000
4,2,1920,0.41,98118,1210000
1,1,804,,98116,425000
2,1,813,,98116,452500
4,1.5,1740,9205,98146,649950
3,1.5,2230,3500,98117,1075000
4,2.5,2760,6001,98178,640000
3,3,1660,625,98118,795000
3,2.5,1360,916,98112,805000
4,4.5,5200,7653,98118,2600000
3,2.5,1573,1255,98107,1030000
1,1,700,,98101,645000
4,3,1700,7320,98146,649000
4,3.5,2560,4080,98144,1325000
3,2,1330,1539,98122,680000
4,2,2180,5100,98115,838000
3,2,1350,1055,98103,785000
2,1.5,1720,1588,98144,725000
4,3.5,3060,0.96,98136,3931000
2,2,954,0.33,98133,380000
2,2.5,1460,1536,98106,599950
4,3,1540,3060,98105,1108000
1,1,709,,98109,470000
3,1.5,2560,6150,98118,720000
1,1,534,,98119,324000
2,2.5,1440,3000,98144,875000
1,1,627,,98121,462750
3,2.5,1324,2217,98126,649950
2,2,1290,1192,98125,635000
1,1,748,0.26,98122,499000
2,2.5,1830,,98116,1730000
3,2,1660,6120,98115,795000
3,1,1964,9050,98168,625000
3,2,1460,1554,98116,759000
1,1,683,0.29,98119,450500
4,2,2060,5080,98115,812500
4,2,1160,4224,98103,710000
3,2,1540,1124,98144,680000
1,1,529,,98118,265000
2,1,1860,2526,98105,898000
1,1,648,,98115,515000
5,4,4490,5220,98122,1150000
6,4,2310,5012,98108,849000
3,3.5,3130,0.28,98105,2350000
2,1,2110,8160,98146,376000
3,1.5,1590,3797,98108,700000
3,2.5,1280,1845,98105,900000
2,1,840,8150,98118,495000
3,2,2020,8120,98125,950000
4,3,3610,8037,98105,2330000
4,3.5,2336,,98115,1080000
2,1,1040,6103,98133,350000
1,1,620,,98119,399000
1,1,728,,98119,360000
3,2.5,1970,2109,98103,715000
4,3,2190,5350,98115,1490000
4,3,2120,7721,98126,920000
2,2,1415,6.4,98125,449000
4,3.5,1835,1750,98103,1299950
2,4.5,1670,905,98107,1115000
3,3.5,2570,4094,98105,2000000
3,2,2060,3090,98118,700000
3,2.5,1740,1389,98102,1678000
5,3,2510,5130,98103,910000
2,2.5,1000,,98144,660000
3,2,1516,5000,98116,1150000
3,1,940,4850,98136,500000
4,2,2440,4002,98144,1116000
5,4,2470,5000,98118,1005000
2,2,1288,5365,98133,755000
4,3.5,3240,4680,98112,1995000
2,2,693,,98119,490000
3,2.5,1550,1391,98107,825000
4,2,2080,7740,98106,750000
4,3,1400,5000,98107,1000000
2,2.5,1159,5250,98122,885000
2,1.5,901,4800,98107,599000
4,3,2900,7500,98136,1175000
4,2.5,2052,0.38,98178,865000
1,1,773,,98121,685000
2,2,1040,,98118,345000
2,2,2353,8750,98116,1160000
2,2,1212,,98136,600000
5,2,2640,2950,98122,1000000
2,1,1090,4500,98118,580000
5,2.5,3960,7680,98199,1850000
4,1.5,3030,5400,98112,1500000
4,2.5,3080,9300,98168,650000
1,1,700,,98119,405000
2,1.5,1276,0.54,98103,885000
3,1,910,7242,98168,480000
5,3.5,4180,4080,98109,3000000
1,1,852,,98107,430000
5,1.5,2830,4000,98118,766000
2,1,970,5130,98116,600000
3,2,1576,1238,98122,974999
1,1,667,,98115,327500
3,2,1080,5750,98116,875000
2,5.5,2659,0.52,98102,6250000
5,5,3623,8000,98115,1975000
4,3.5,2520,3821,98199,1765000
4,3.5,2720,3024,98102,1750000
2,2,968,656,98103,715000
2,2,839,,98133,385000
2,3.5,2080,1412,98103,1495000
2,2,693,,98119,480000
2,2.5,1365,4.05,98118,525000
2,1,1580,0.52,98178,500000
2,1,860,6678,98116,750000
2,2,1038,0.33,98116,600000
4,3,2860,4182,98103,1600000
1,1,557,,98102,370000
2,2,1644,,98101,2250000
5,2,2340,5120,98106,613000
3,2.5,1810,1436,98107,1000000
2,1,2530,5000,98122,700000
3,3.5,1820,1099,98122,1125000
2,1,648,4997,98107,430000
2,2.5,1448,0.54,98103,1325000
2,1,1660,0.28,98125,535000
5,3,2970,5250,98117,1225000
5,4,3030,5200,98108,1250000
3,2,1400,8910,98106,530000
2,1.5,900,1,98133,549755
3,2,2740,5000,98144,1278500
2,1,720,6693,98117,545000
4,2.5,1880,3300,98117,1050000
3,2.5,1681,3.97,98126,650000
4,2,3325,6000,98199,1650000
5,3.5,4397,6800,98105,3400000
3,1.5,1540,6300,98126,689000
3,1,1530,0.31,98146,435000
2,2,1015,2.02,98115,468000
4,3,2340,5023,98108,780000
1,1,836,,98121,605000
1,1,492,,98146,205000
3,3,1880,2200,98107,999950
2,2,1570,3060,98103,849000
4,2.5,1806,5000,98118,745000
2,2,1595,,98119,945000
2,2,1526,,98199,893000
3,2.5,1346,1270,98107,899000
3,2,1600,8640,98117,877500
2,2,1170,0.42,98112,655000
3,2.5,1660,1681,98144,690000
1,1,707,4.66,98133,325000
3,2,1390,6656,98116,899950
3,2,2900,3800,98199,1305000
1,1,704,1,98144,519950
3,4,2400,5563,98122,1460000
3,1,1120,4000,98112,985000
4,2,1710,3250,98117,1170000
3,2,1880,1751,98122,955000
3,3,1454,760,98122,890955
14,5,3884,4968,98106,1300000
3,1.5,2300,4100,98107,1125000
4,3,2520,3000,98105,1025000
4,3,3335,6000,98115,1325000
3,2.5,2118,2466,98118,837000
2,1,910,4800,98117,825000
4,1,2080,4845,98117,800000
2,1,2520,5000,98122,810000
3,2,1560,5056,98116,965000
2,1,1130,4388,98199,1180000
1,1,543,1.21,98121,425000
1,1,620,6090,98178,524950
3,3,1720,8370,98177,865000
2,2,1015,2.02,98115,500000
1,1,530,2500,98118,390800
4,2,1350,5300,98106,700000
3,2.5,1510,2656,98133,717500
1,1.5,1021,,98101,1099900
3,1,1730,4200,98103,900000
2,2,3120,0.33,98118,1050000
4,2.5,2172,3431,98105,975000
3,3.5,1410,1478,98117,740000
1,1,578,,98121,379000
2,2,1350,4590,98117,960000
2,2,900,2041,98102,1650000
2,2.5,1865,,98109,890000
2,2,1174,800,98109,779000
3,1.5,1250,0.27,98178,552000
5,3,3590,6900,98117,1700000
3,2,1548,1139,98117,850000
4,3,3030,6960,98115,1119000
1,1,622,,98103,387000
4,2,2245,7892,98178,775000
4,3.5,2627,5150,98118,1650000
4,2.5,3680,7000,98118,1880000
2,1,2170,6985,98199,950000
3,1,1600,3600,98119,1023000
2,2.5,2803,,98101,2320000
3,1.5,2120,3880,98105,865000
3,2.5,1980,5000,98146,675000
3,2,1370,3060,98103,1270000
1,1,723,,98133,315000
4,1.5,1300,4080,98122,975000
3,2,1060,5290,98106,599000
1,1,531,,98121,396000
2,1,770,5772,98106,490000
4,3,2470,0.29,98115,1180000
3,2.5,2260,4000,98103,1406000
2,1.5,1120,966,98103,605000
3,3.5,1936,1770,98122,1295000
2,2.5,1560,1263,98117,730000
2,2,1020,776,98118,605000
3,2,1100,2700,98122,645000
3,2,2120,6400,98103,1130000
2,2.5,1400,824,98102,1062500
2,2,1429,,98126,855000
3,2.5,1320,1396,98117,835000
4,4.5,4790,5000,98144,1750000
3,1,1070,6535,98168,515000
2,2.5,1966,1412,98103,1495000
2,2,1146,1,98116,675000
3,2.5,1047,680,98144,720000
2,1.5,1760,4000,98144,650000
2,2,1030,7200,98125,826500
3,2,1514,990,98107,915000
3,1.5,1520,7150,98146,720000
4,3.5,3360,6000,98136,1575000
3,2,1910,7500,98136,725000
2,2.5,1550,1131,98122,1051500
1,1,641,,98122,349000
3,3,1190,850,98144,765000
4,2,2640,3840,98122,700000
2,1.5,938,,98106,425000
3,3.5,2206,1500,98103,1116000
1,1,680,,98104,355000
2,1,749,,98103,489000
2,2,1353,,98115,785000
1,1,250,250,98103,159000
8,4,3136,8636,98146,1005000
2,2,1149,564,98115,730000
1,1,861,9600,98126,405000
4,2.5,2050,9555,98177,805000
2,2,1106,,98109,700000
3,3.5,1930,6000,98125,600000
4,3,3090,0.34,98168,210000
3,2,2437,6500,98118,1275000
2,2.5,1330,856,98105,699950
3,2,1680,6000,98136,910000
2,2,834,,98115,552450
2,2,1112,1484,98177,675000
1,1,626,2.63,98115,275000
2,1,1230,5000,98144,326000
4,2.5,2840,4480,98105,1200000
2,1.5,1115,745,98107,745000
4,2,2240,5043,98106,750000
3,3,1687,,98115,946000
4,3,1900,2256,98103,1150000
3,3,1970,8540,98177,1395000
3,2.5,1512,1041,98144,760000
1,1,696,,98122,449000
2,1.5,806,4001,98106,510000
2,2,1319,794,98107,838000
2,1,2300,8799,98168,525000
2,1.5,1127,5500,98102,1008000
4,2,2280,8000,98168,640000
2,2,1120,1168,98126,789500
4,3,1960,5200,98136,1270000
1,1,627,0.34,98101,335000
2,2,1228,900,98109,900000
3,2,1800,3172,98117,1130000
1,1,883,,98119,500000
4,1,1190,7320,98106,463900
5,5.5,5770,8226,98122,5000000
2,2.5,1710,962,98117,875000
2,2,968,656,98103,700000
2,1,790,5877,98178,532500
1,1,376,0.23,98199,1000000
6,5.5,4510,0.28,98178,2202718
3,2,1300,3914,98199,1100000
3,3.5,2106,1785,98115,1266000
3,2.5,1573,1243,98107,1099950
4,2,2870,2.27,98168,703500
4,3.5,4006,5000,98199,2940000
2,1,1060,5666,98108,875000
1,1,562,,98199,285000
3,2.5,1610,1426,98199,840000
2,3,1212,0.7,98136,600000
4,2.5,2390,3570,98115,1350000
2,1,1080,6000,98199,950000
2,1,1350,6500,98126,850000
4,3.5,2795,6400,98122,1740000
2,2,1369,,98116,720000
2,1,970,2714,98103,1075000
3,3.5,1820,1101,98122,1250000
3,2,1770,7242,98168,500000
6,4,3280,5650,98118,999950
3,1,1260,0.32,98168,440000
4,2.5,1939,2499,98107,1025000
1,1,610,,98101,679950
4,3,2200,5586,98118,874999
3,3.5,3036,,98121,3250000
3,2.5,1861,,98121,1395000
3,2,1650,5075,98126,750000
1,1,722,,98118,299900
3,2,1260,2640,98133,615000
2,2.5,2714,,98102,1735000
2,2,1020,776,98118,605000
3,3.5,1471,,98144,799990
3,2.5,1500,1235,98119,1023500
2,1,1080,6000,98118,650000
4,2.5,1544,1562,98117,889000
2,2,1004,,98125,320000
4,2,1470,4000,98118,460000
4,2,1680,2600,98107,930000
4,2,2420,3680,98126,948750
4,3.5,2011,2421,98136,1130000
2,2,896,,98107,549250
2,2,1415,,98125,445000
2,2.5,840,846,98144,629000
1,1,434,6600,98102,345000
4,2.5,2730,5724,98146,1175000
3,1.5,1350,2497,98118,599000
3,3.5,1740,2061,98122,840000
3,2.5,1940,2880,98118,1140000
4,1,1340,6000,98144,685000
2,2,1110,1650,98103,689000
3,2.5,1380,1550,98115,613000
3,2.5,1400,1001,98136,785000
3,2,2110,4000,98108,815000
1,1,557,0.88,98102,399950
3,2,1830,5850,98126,835000
3,2,1480,5000,98116,780000
3,1.5,1550,8070,98133,835000
3,2,1670,8573,98146,620000
4,2.5,2890,3060,98115,1650000
3,3.5,1590,1781,98136,820000
1,1,630,0.4,98109,439900
4,2,1440,4560,98126,760000
3,2.5,2529,3000,98122,1650000
3,3,1086,0.37,98144,539950
3,2,1565,2500,98103,985000
2,2,916,,98121,760000
3,7,2190,5504,98112,1868000
2,2,1400,3060,98115,530000
3,3.5,1352,1680,98115,886000
4,4,2030,5400,98115,1349000
3,2,1455,1,98117,959822
5,4,3240,8820,98199,1825000
3,2,924,0.26,98126,422000
2,2,1470,,98115,825000
3,2,1758,1350,98103,1130000
3,2.5,1830,1175,98116,960000
2,1,1019,,98107,640000
4,3,2970,4000,98102,1950000
3,3.5,1500,1182,98103,700000
3,2,2020,6000,98119,900000
3,3.5,2188,4920,98112,1700000
1,1,507,,98101,460000
2,1.5,1131,1,98144,699950
2,2,982,,98122,705000
2,2,1889,9601,98112,2750000
2,1,1440,,98133,699990
2,2,789,,98107,475000
2,2,1131,6018,98116,575000
4,3,3300,7700,98199,1995000
4,2,2510,5460,98115,1025000
2,2.5,1580,0.31,98178,1790000
1,2,966,,98121,640000
1,1,703,0.51,98126,350000
2,2,1220,755,98118,600000
9,5,3590,4680,98117,1100400
6,5.5,4299,6867,98115,3300000
1,1,900,,98105,369950
3,2.5,1260,1252,98117,750000
2,2.5,1048,1048,98115,760000
4,1,1470,8520,98125,699999
1,1,1113,9830,98102,595000
2,2,1570,3250,98103,715000
3,2.5,2740,4800,98117,1375000
2,2.5,1470,780,98103,885000
4,2,1710,9660,98118,685000
3,2.5,1580,1372,98103,1095000
2,1,800,6946,98125,550000
3,1,980,3000,98103,500000
5,3.5,3700,7581,98122,2075000
4,2,2352,5000,98199,1450000
3,3,2320,9465,98125,675000
2,2,1503,6250,98108,729000
4,5.5,2410,9000,98146,1500000
2,1.5,950,1,98103,1270000
3,1.5,1640,5196,98103,1060000
3,1.5,2440,4000,98112,1400000
1,1,594,0.39,98105,405000
4,2,1480,6075,98118,665000
3,2.5,1220,1136,98118,618000
3,2,2740,8340,98177,1305000
3,3,2160,6710,98118,1300000
2,2,1400,802,98199,850000
3,2.5,2650,7548,98136,1112000
2,2,2735,0.3,98121,871000
1,1,750,,98116,420000
2,1,1201,5000,98126,605000
6,6,3488,2388,98103,1225000
4,2,1742,1.25,98105,781000
4,2,2390,5535,98105,1195000
3,1,4018,5000,98122,517500
3,3.5,1530,3000,98117,1089000
1,1,600,,98112,370000
5,3.5,3340,3600,98112,2500000
2,1,2060,6000,98106,525000
3,2.5,1650,2752,98106,675000
1,1,640,0.4,98144,497000
2,2,1106,0.29,98109,1470000
2,2,1200,8000,98199,519000
3,2.5,1390,1570,98126,575000
3,2,1759,1188,98116,890000
2,1.5,1690,5027,98118,779000
4,3.5,2191,4120,98103,1394600
3,2.5,1380,1022,98144,655000
2,2,877,2.63,98115,415000
5,4,2754,3969,98126,956000
3,2,2770,7770,98115,700000
1,1,515,,98116,309000
3,2,2029,9.2,98115,685000
4,3,2560,9956,98115,890000
5,3.5,2966,1,98126,1263500
3,2.5,1763,2498,98117,1135000
3,2.5,1550,7089,98116,1350000
2,1,830,6600,98177,645000
2,2,1019,,98119,499000
1,1,696,,98105,385000
5,3.5,5090,0.27,98102,4325000
3,4.5,1460,1231,98108,700000
2,2,1036,656,98103,789950
1,1,854,,98103,540000
3,3,1687,1,98115,1035000
3,1.5,1430,8992,98168,438000
2,2,1960,7405,98168,580000
4,3.5,2720,7598,98115,1395000
1,1,706,0.46,98116,520000
3,2,2600,4200,98144,1525000
3,2,1900,6093,98115,965000
2,1.5,1580,6120,98115,1300000
1,1,1270,5640,98108,915000
4,2.5,2320,9500,98108,1001000
3,1,910,0.35,98106,650000
2,2,878,,98121,675000
2,1,1915,5077,98133,725000
3,2,2462,3200,98119,1150000
4,3.5,2640,3062,98103,1750000
3,2.5,1670,1304,98144,875000
3,1,1090,7258,98133,630000
3,3.5,1621,987,98109,1085000
4,2,2591,6900,98125,800000
2,2,1400,,98119,1295000
2,2.5,840,897,98118,612500
4,3.5,2910,3491,98115,2325000
2,1,1410,5000,98118,590000
2,1,770,4672,98106,560000
3,2,1900,6957,98199,1299000
3,2,2760,5195,98119,1256000
3,2,1290,2700,98144,925000
3,2,1111,,98112,849000
2,2,850,6120,98115,889900
2,1.5,900,900,98105,568000
6,5,2667,4000,98122,900000
2,1.5,1320,6080,98116,810000
2,2,1370,,98117,500000
2,1,1140,4920,98106,528000
3,1,1380,4080,98117,890000
3,2,1422,1405,98117,780000
2,2,1065,,98126,430000
2,3,2943,3.06,98105,1650000
3,2,1250,6000,98106,625000
3,2,2390,0.25,98133,1150000
1,1,569,,98102,400000
3,2,1680,5000,98199,1087500
1,1,683,,98101,679000
1,1,627,,98121,475000
2,2,840,1452,98116,645000
3,1.5,1880,6215,98125,749000
2,2,881,6000,98103,550000
2,1,850,4000,98144,778000
1,1,525,,98103,375000
3,1.5,2170,3000,98109,1250000
2,1,1110,5413,98125,820000
4,3.5,3930,4000,98102,2925000
2,1,1047,,98102,762500
1,1,653,,98122,475000
3,1.5,1710,1250,98122,1000000
5,3,2120,1959,98126,750000
3,4,2360,5080,98115,1325000
4,4,2250,6600,98106,1070000
4,2,2320,6960,98115,1150000
4,3.5,3490,0.27,98115,1480000
4,2.5,2500,4046,98117,1295000
2,1,792,,98102,520000
2,2.5,1490,7547,98115,855000
3,2.5,1700,2125,98102,1475000
2,2,1261,978,98125,625000
4,2,2440,2168,98122,1060000
3,2.5,1420,2929,98108,750000
3,2,1380,815,98122,740000
3,2,1111,719,98112,849000
3,1.5,1920,6300,98133,865000
3,1.5,1220,2242,98144,660000
3,3,4010,8207,98112,3050000
2,2,1170,588,98144,644999
3,2.5,1600,695,98144,699900
1,1,760,,98119,309000
2,1.5,1290,1748,98144,762500
2,1,980,3200,98112,800000
2,1.5,1022,,98144,660000
2,1.5,1260,3858,98118,715000
5,2,2660,6400,98136,1125000
1,1,644,,98122,350000
1,1,664,,98102,305000
1,1,468,,98109,275000
4,3,2680,6402,98115,2100000
4,2,1640,4400,98136,730000
3,2,2000,5632,98115,925000
2,2,1523,864,98125,639950
4,3,2430,9500,98146,520000
2,2,1199,1.06,98117,375000
4,3,2160,6298,98125,980000
4,2.5,1354,,98118,485000
1,1,738,,98101,490000
2,2,1425,0.42,98104,899000
6,7,4570,0.29,98105,1950000
2,1.5,940,1740,98144,640000
3,3.5,1710,1728,98126,699000
3,2.5,1430,1102,98103,855000
3,3.5,1500,1274,98118,598800
3,1.5,1376,1169,98107,780000
4,3.5,4002,5000,98116,2100000
4,1,1600,0.27,98115,652000
1,1,807,,98122,380000
5,3,2055,4000,98122,1100000
1,1,647,7197,98102,377500
2,2,940,585,98115,579000
2,1.5,1150,1262,98125,590000
2,2.5,1459,887,98103,665000
4,2.5,1910,3000,98103,1625000
4,3,2297,7200,98178,783000
4,2.5,2320,5001,98118,820000
5,3.5,2387,5445,98133,1125000
5,3.5,3270,4080,98115,2000000
3,2.5,1530,1482,98126,899999
2,1,1150,6340,98136,845714
3,2,1237,4760,98106,747250
3,2.5,1760,1143,98136,850000
1,1,808,,98164,560000
2,2,2720,4958,98144,720000
4,2,1345,2808,98103,962000
4,3,2600,6840,98115,1750000
3,2,2209,2734,98115,715000
2,2.5,950,1748,98107,695000
4,2.5,1530,3060,98146,675000
2,1,830,6180,98103,942000
3,2,1590,910,98117,910000
3,3,1524,513,98122,850000
4,3,1920,7455,98125,2095000
4,2,2660,5243,98115,1357000
3,2,2284,6395,98136,850000
3,2.5,1604,1040,98144,760000
4,4,2555,4000,98105,1500000
3,1.5,2460,0.35,98115,1150000
3,2.5,2793,1734,98109,1732000
2,1.5,1540,4800,98106,751000
3,1,950,7320,98106,589000
3,1.5,1720,0.33,98168,426000
2,2,1470,7443,98125,707000
5,2.5,3500,0.33,98146,875000
2,1.5,984,,98116,499999
3,2.5,1570,1362,98103,901000
1,1,700,,98122,647201
2,2,1188,0.43,98119,450000
3,2.5,2570,0.28,98118,1175000
3,2.5,1631,1485,98103,1049950
3,2,1596,0.64,98105,505000
2,2.5,820,1293,98126,525000
3,2.5,1610,1500,98119,875000
1,1,812,,98107,480000
3,2,1425,729,98117,759999
2,2.5,1086,2068,98115,884950
2,2.5,1043,990,98117,690000
3,2,1440,4239,98119,1195000
1,1,590,1549,98106,435000
2,2,1152,,98121,1325000
4,2,2040,4178,98112,1175000
3,2,2092,,98102,2000000
3,1,1780,5000,98144,975000
3,2.5,3560,5000,98116,1575000
2,2.5,1475,3753,98103,945000
4,2.5,1890,3000,98178,668000
4,2,2790,6250,98126,930000
4,3.5,2600,3900,98122,2225000
3,2,1060,8910,98106,575000
3,1,2180,0.25,98125,720000
2,2,1761,,98115,665000
3,2,1379,3353,98125,729950
3,1.5,2550,4080,98105,958748
4,3.5,3815,3960,98116,2895000
4,2,2634,7475,98115,1500000
1,1,540,0.35,98104,335000
3,3.5,3064,,98121,2450000
2,1,860,4800,98108,565000
3,2.5,1690,7200,98125,807500
3,3.5,1800,1545,98103,750000
2,2,1071,,98119,605000
2,1,807,,98103,525000
3,2.5,1350,662,98119,899000
4,2,2900,4700,98144,1275000
3,3,1880,2200,98107,999950
1,1,677,0.68,98115,270000
1,1,703,,98103,498000
1,1,527,,98122,399000
1,1,820,5100,98118,530000
3,2.5,1360,1248,98103,700000
4,3.5,2600,4000,98117,1950000
4,3.5,2852,3178,98102,1715000
3,3.5,1370,1125,98133,619000
3,1.5,2000,4800,98112,1400000
3,2,1096,,98117,849950
3,3.5,3380,7531,98177,1599500
3,2.5,1616,,98116,990000
3,3,1620,5760,98136,1058000
2,2,970,,98102,634400
1,2,1009,,98116,525000
3,2,2270,7920,98122,1550000
3,1,1200,9180,98168,500000
2,2,1225,960,98115,725000
2,2,1081,,98144,620000
3,2,1380,8580,98125,775000
2,1,1200,6200,98103,1025100
2,2,1620,3090,98103,835000
3,2,2950,5350,98199,1500000
1,1,513,,98121,315000
4,2,2100,3600,98116,1225000
3,2,1705,7680,98177,910000
4,4.5,3610,4500,98112,2800000
3,3.5,1800,1563,98103,1050000
3,1,2130,3710,98117,850000
2,2,1367,1.98,98121,1350000
3,2.5,1730,2757,98125,800000
4,3.5,4194,5400,98112,3500000
9,9,3780,5020,98119,1210000
2,2,1778,,98112,1900000
3,3,1410,826,98107,865000
2,2,1088,,98133,475000
4,1,1340,3825,98117,875000
5,1,2380,4240,98136,539000
3,4.5,2140,3314,98109,1835000
3,2,2080,5650,98178,738000
2,1,1410,6180,98118,799000
1,1,571,0.58,98121,331000
4,2.5,2340,9670,98106,870000
5,4.5,5210,6772,98122,3320000
1,1,733,,98121,545000
2,1.5,1060,5137,98118,530000
2,2.5,996,2450,98122,799000
4,2,1850,3570,98105,1200000
1,1,690,4000,98117,560000
4,2,2260,3750,98107,1330000
4,3.5,3190,4305,98107,2130000
3,2.5,1846,0.24,98199,1060000
3,2,1700,3220,98118,999999
4,2,2240,6240,98126,795000
4,2,1660,2280,98103,1127500
2,3,1780,2240,98133,720000
4,3.5,2270,2500,98146,710000
1,1,603,,98121,432000
3,3.5,2024,1694,98107,1200000
2,2.5,1103,5500,98107,780000
3,1,1460,5856,98115,880000
6,7,4260,3600,98119,2300000
3,2.5,1660,2700,98122,816750
3,1.5,1350,1193,98107,750000
4,3,2949,5580,98103,1610000
3,2.5,1718,1268,98117,900000
2,1,1370,6084,98119,1000000
4,2.5,1822,1500,98199,1033000
2,1,800,560,98103,690000
1,1,718,,98119,459000
2,2,909,,98103,420000
2,1,903,4.06,98146,312500
2,2,1297,,98109,880000
3,2,2140,9290,98133,925000
4,5,2970,7961,98125,1450000
2,2,900,8000,98122,590000
2,2,2600,3600,98122,750000
2,1,1180,4386,98106,419000
1,1,564,100,98103,602000
4,2,1700,8001,98125,891000
3,3,1524,513,98122,875000
3,3,1410,1316,98103,1200000
1,1,831,0.7,98136,480000
5,3,3060,7006,98118,889000
2,2,1213,,98117,422000
4,2,2352,4000,98107,1295000
1,1,534,,98178,223000
2,1,724,,98102,530000
4,3.5,2304,4503,98103,1550000
3,1,1450,7200,98115,1125000
2,1,980,0.32,98168,475000
2,1.5,1550,7154,98112,1550000
1,1,704,500,98144,645000
1,1.5,1425,2.23,98102,2200000
1,1,794,,98101,516000
5,3.5,4060,3400,98116,2888000
2,2,979,0.32,98199,470000
4,2,1830,6000,98136,950000
2,1,1260,7440,98133,626000
2,1,1027,1.83,98115,300000
5,2,3210,7578,98115,688000
2,1,968,,98115,399950
3,2,1049,,98112,900000
2,1.5,1054,,98109,709000
2,2,1586,,98101,1460000
4,2,1760,4700,98115,999950
2,1,860,4000,98178,480000
4,2.5,1560,2400,98144,1110000
4,3,3110,5715,98119,1500000
3,2,1440,6120,98115,935000
3,2,1500,5750,98136,770000
3,1.5,2160,5080,98117,915000
4,5.5,3100,9450,98125,1375000
1,1,522,5000,98107,325000
3,2,1560,1170,98117,920000
3,3,3400,8000,98136,1150000
2,2,1761,9.2,98115,665000
2,1.5,1076,1060,98125,549000
2,2,1217,1331,98199,787950
3,3.5,1450,1467,98126,670000
2,1,1000,4400,98112,750000
2,2.5,1124,1354,98115,799950
4,3.5,3070,5016,98144,1900000
1,1,480,560,98109,275000
3,2,1860,3400,98105,1165000
2,1,740,6300,98126,500000
3,2,1440,9065,98133,830000
1,1,758,,98103,469000
3,1,1340,6223,98117,765000
3,3,1700,6882,98136,1275000
4,3.5,2950,5000,98105,1800000
1,1,616,,98102,374000
3,2.5,4240,9487,98116,2725000
4,3.5,3495,4080,98144,2000000
3,3,2560,2500,98112,1300000
3,3,2040,4000,98117,1000000
3,1,890,5200,98126,575000
3,1.5,1730,5000,98115,870000
1,1,816,,98109,560000
4,2,2400,8160,98177,900000
3,2.5,1270,924,98144,675000
4,3,1830,4000,98107,1352000
3,2.5,2470,4452,98126,800000
4,4,2300,5700,98115,1210000
4,2.5,1600,2336,98105,699000
1,1,510,,98104,308000
2,2,1387,,98116,649000
3,2.5,2230,7944,98178,555000
1,1,956,5480,98104,870000
3,3,1872,2475,98107,1050000
4,5,2030,5124,98106,700000
4,2,1980,2242,98136,785000
3,3,1180,1003,98116,729000
4,2.5,2630,4500,98122,1340000
4,2,2010,4275,98115,1100000
4,3.5,3487,9500,98136,2010000
4,2,2570,3440,98112,850000
2,2,1440,8100,98168,390000
2,2,1131,0.43,98103,470000
2,1,1440,7531,98133,675000
3,3.5,2010,2208,98117,1111111
2,3,1073,2.71,98133,429900
4,3.5,3300,6840,98125,1575000
4,2,3040,5272,98199,1665500
4,2.5,2500,8760,98146,577000
4,1,1810,5073,98126,655500
2,2,1878,,98119,1171600
3,2,1411,0.35,98104,699000
3,1,3960,0.25,98118,722500
3,1,1000,9856,98136,750000
5,2,2300,3315,98105,1266000
2,2.5,890,,98146,510000
5,3,2820,7707,98117,1550000
3,1,1620,3000,98118,600000
3,2,1470,1232,98136,875000
2,2.5,1088,0.77,98133,475000
5,2,2160,7620,98106,795000
3,3.5,3105,2557,98112,2250000
2,2,1200,1247,98122,699950
2,2,1240,583,98117,710000
3,2.5,1550,1131,98122,1065000
7,4,2300,2920,98122,1095000
4,3,2466,6030,98115,1299000
2,2,1817,1156,98102,2100000
4,3,1500,3360,98122,1155000
4,2,2380,4500,98144,525000
2,2,1524,6250,98108,710000
3,2.5,1370,982,98117,699500
3,2,1449,939,98107,720000
2,2,1140,1045,98103,850000
3,2.5,1010,570,98118,615000
9,5,3014,7908,98178,835000
3,3.5,1450,1081,98118,580000
2,2,1248,912,98122,890955
4,2,2600,4224,98117,1098500
3,2,1328,839,98103,929950
1,1,614,0.37,98109,369950
4,3,2481,8297,98115,999000
4,1,1420,5240,98178,445000
4,3,2040,5000,98117,1410000
3,3,1390,5000,98126,1095000
2,3,920,675,98107,690000
4,3.5,1835,1884,98103,1299950
4,2,1840,3760,98103,825000
3,2.5,3020,7500,98177,1450000
3,2,2520,4000,98115,1050000
4,5,2240,5624,98108,965000
3,3.5,1644,,98112,820000
3,2.5,1880,1282,98106,725000
2,2,995,5000,98144,850000
1,1,568,,98104,330000
2,3,1226,,98144,589990
2,1,730,6200,98105,25000000
4,2,1500,4471,98133,947000
3,2,2080,6769,98108,800000
3,3,1425,1199,98177,819950
4,2.5,3840,1.2,98177,2195000
4,3,2074,1999,98126,812500
5,3,3556,6120,98115,2250000
1,1,1100,747,98107,745000
2,1,730,5150,98106,545000
4,2,1170,9216,98178,390000
4,3,2240,8691,98118,625000
4,2,1750,6380,98115,855000
2,2,1695,,98126,1150000
5,3,2480,5100,98117,1135000
4,2.5,1420,1800,98103,760000
2,1,990,3844,98133,474000
2,1,1520,4250,98117,820000
5,2,2100,6000,98108,599950
3,3,1740,5000,98136,1010000
2,2,1760,6150,98108,750000
2,2,1021,,98101,981250
4,3.5,3018,3600,98103,1795000
2,1.5,1024,,98115,495000
1,1,945,,98109,385000
2,1,2380,6061,98108,640000
5,5,3810,0.32,98177,1180000
2,2.5,1048,834,98112,899000
3,1.5,1610,4000,98122,1106000
1,1,701,,98115,315000
4,2.5,2213,3367,98107,1075000
2,2,1071,,98119,719000
2,1,850,3056,98107,813000
3,3,1280,2600,98103,900000
3,1,980,4200,98119,700000
4,3.5,3840,0.32,98118,1250000
2,2,1006,3.32,98112,650000
4,2,1450,1000,98109,1185000
4,2,2140,4947,98136,960000
4,3,2480,4000,98103,1605000
5,2,2420,4080,98117,960000
3,4.5,1760,1008,98109,1440000
2,2,1170,588,98144,624999
3,2,1730,8421,98125,910000
1,1,376,0.23,98199,1000000
1,1,636,,98102,450000
3,2,1940,4850,98107,895000
4,2.5,3400,6000,98112,2100000
3,2,1360,7680,98125,830000
2,2,875,901,98116,656500
6,2,2230,5300,98118,700000
5,2,4190,8500,98119,2300000
3,2.5,2220,3060,98117,1167500
2,1,830,1980,98117,450000
3,2.5,2090,5000,98108,820000
3,1,1210,6000,98119,795000
2,1,691,1,98102,998000
3,2.5,1820,1,98118,690000
4,2.5,3105,7875,98115,1040000
4,2,1680,7840,98178,517500
3,2,2495,4000,98105,1250000
5,3,2450,4980,98144,1270000
4,2,2787,6011,98122,1207000
5,3.5,3310,2943,98102,1637500
2,2,1699,,98109,640000
5,4,3180,3400,98105,2100000
5,2.5,3350,8317,98126,1275000
2,2,1365,770,98122,799000
3,3,1660,7650,98117,1200000
3,1.5,1880,6194,98118,489000
1,1,580,4657,98102,395000
3,2,1270,0.26,98146,590000
3,1,860,5400,98125,699000
1,1,580,,98122,475000
3,3.5,1840,1312,98117,1025000
1,1,615,,98199,315000
5,3,2140,7244,98125,850000
2,2,1437,1085,98122,969950
2,1.5,1390,746,98107,759950
2,1.5,870,938,98115,700000
5,4.5,2840,3200,98112,500000
3,2,2260,3880,98107,877000
2,2,886,1037,98116,660000
1,1,505,,98102,325000
2,1,1048,0.66,98121,760000
4,2,1800,7455,98117,1100000
2,2,1390,8509,98116,954500
3,2.5,2600,8023,98136,1475000
4,2,2640,8385,98168,780000
2,1.5,1020,1249,98102,765000
3,3,2630,3755,98115,1130000
4,3.5,2910,4000,98144,1865000
3,2,1580,5040,98116,1000000
2,1,885,3.54,98105,389000
3,2,2100,5750,98116,1325000
4,2,2010,9612,98105,1250000
4,2,1480,6820,98126,830000
3,2,1560,2400,98117,1180000
1,1,889,,98121,648888
1,1,664,,98102,322000
2,2,804,5000,98107,465600
4,2,2080,3850,98105,975000
2,1,910,2000,98117,800000
3,2.5,1620,7500,98106,875100
3,3.5,1970,1125,98105,868500
3,2,1720,6720,98116,869000
4,2,1545,4963,98103,1253000
3,2.5,1710,4814,98115,1190000
1,2,1141,0.41,98122,699950
2,3,1276,1187,98106,520000
2,1.5,1978,5000,98118,858000
2,1,1060,8908,98125,700000
5,3.5,3220,4640,98103,820000
4,2,1170,9594,98168,530000
3,2,1770,5100,98118,660000
2,2,1420,1232,98107,690000
4,2.5,2980,3618,98125,1445000
4,1.5,1630,7182,98133,734950
1,1,743,,98102,522250
2,1,680,8795,98125,625000
2,1,900,6030,98168,409050
1,1,635,,98121,380000
5,3.5,3400,4560,98109,3340000
3,2,1300,2250,98103,735000
2,2,1094,5250,98122,675000
3,2.5,1763,2498,98117,1125000
2,1,940,3300,98118,550000
3,2.5,1820,1595,98103,990000
1,1,650,,98121,468000
2,2,1200,1247,98122,705000
3,2,1939,0.31,98109,1070000
4,2,1780,5000,98117,1181500
3,2,2370,4400,98119,1180000
2,2.5,1411,1201,98117,830000
2,1,512,,98103,312000
4,2.5,2360,5725,98199,1750000
3,2,2630,9702,98117,1290000
5,3,2700,5670,98119,1025000
1,1,605,,98103,370000
2,1,767,,98136,349950
2,1,1015,,98102,650000
2,2,1245,,98168,330000
1,1,513,0.66,98121,315000
1,1,780,8960,98106,500000
4,3,2050,4362,98136,920000
2,2,1060,,98117,650000
2,2,950,1308,98117,705000
3,1.5,1870,9975,98168,500000
3,2.5,1060,1124,98117,765000
3,2.5,1860,1063,98103,1025000
3,1.5,1420,6009,98117,980000
3,1,1390,3090,98144,850000
3,2,1096,1,98117,874500
3,1,1100,4120,98106,468000
3,1,1010,7100,98178,475000
3,3.5,1730,,98117,975000
2,1.5,1480,6000,98118,948800
3,2,1890,6808,98106,700000
4,2,2500,4414,98144,972500
4,3.5,2840,4000,98108,925000
3,2,1608,1568,98103,732000
2,2.5,1701,1827,98112,1354000
1,1,376,0.23,98199,1000000
1,2,1250,5183,98116,160000
3,2.5,1790,1600,98117,1050000
4,2,1670,7260,98106,650000
3,2,1640,5100,98136,900000
4,4.5,3228,3600,98119,2050000
4,2,1720,4242,98118,705000
4,2,2060,8762,98168,575000
3,2,1840,3432,98115,865000
4,3.5,3180,3375,98122,2485000
3,3,1760,8160,98125,670000
2,1,1350,6600,98115,799950
2,2,1403,,98125,480000
3,2,1740,3519,98199,1310000
3,2,1490,1050,98107,900000
3,3,2380,6172,98199,1385000
1,1,815,0.48,98121,465000
4,3.5,2900,7470,98125,1337000
5,3,2370,5292,98118,800000
4,1,2470,0.31,98178,770000
4,1,1740,6000,98119,925000
1,1,690,,98133,290000
5,3.5,2610,3623,98118,915000
4,3.5,2015,1886,98116,1240000
5,3.5,3880,6000,98112,2975000
4,2,2280,0.25,98168,625000
4,3,2570,4480,98105,1555000
5,2,2740,2850,98103,1175000
2,2,1469,1762,98115,900000
3,2.5,2860,4500,98126,1630000
2,2,1479,,98116,640000
5,4.5,3370,5100,98117,1975000
3,1,1300,3520,98109,1000000
2,1,780,8184,98118,675000
5,6,6990,4703,98103,1880000
2,2.5,867,1753,98115,679000
2,2,1217,,98199,787950
3,2.5,2120,5120,98122,1365000
2,2,1042,,98101,639000
2,2,1163,583,98117,648800
3,3.5,1580,,98144,760000
3,2,1740,8309,98115,1070000
4,3,1810,5850,98116,1118000
1,1,1186,,98109,665000
3,1,1177,6150,98126,650000
2,1.5,770,850,98116,550000
4,2,1870,5280,98199,1040000
1,1,696,4.27,98115,305000
3,2.5,1380,1464,98126,523750
2,1,1650,6650,98106,630000
3,2,1640,5145,98106,700000
3,3.5,1360,1248,98103,700000
3,1,970,8160,98177,625000
1,1,490,,98104,250000
5,2,2180,8100,98122,950000
4,3.5,2970,3751,98103,2080000
4,2,2340,4560,98103,1800000
3,3,1420,6037,98115,950000
3,2.5,1520,2814,98108,818000
2,2,1242,742,98122,769950
4,3,3410,7389,98144,1850000
4,1,1150,5665,98118,575000
1,1,691,,98115,321000
3,2,1170,979,98144,740000
3,2,1360,8100,98125,850000
2,2,1200,1948,98125,620000
4,2,2680,6035,98177,950000
2,1,670,6300,98126,510000
1,1,545,,98122,350000
3,3.5,1240,1164,98116,690000
1,1,700,,98109,300000
4,3,2940,4000,98126,1250000
2,2,1187,1093,98115,750000
4,2,1488,3920,98115,750000
3,1,970,0.28,98146,515000
3,2.5,1681,3.97,98126,610000
2,2,1144,4850,98107,769950
4,3.5,2860,5880,98199,1657500
1,1,773,,98102,425000
3,2.5,3100,4120,98112,2610000
4,3.5,2400,3060,98103,1750000
3,2.5,2920,9918,98133,985000
2,1,876,,98116,550000
5,3,3450,3920,98109,1981000
3,2.5,1330,936,98107,819999
4,3.5,2440,7200,98125,1185000
3,3.5,1580,1312,98144,950000
3,2,2299,6022,98199,1435000
1,1,594,,98103,360000
1,1,475,,98121,385000
5,3,2360,2833,98103,1240000
4,3,1780,5005,98117,1184000
3,2,2250,8030,98105,2080000
2,2,1073,,98133,429900
5,3,1900,8160,98118,895000
5,2.5,3090,6161,98105,1600000
5,6.5,6240,6750,98115,3122000
1,1,573,,98121,310000
2,1,770,5569,98115,640000
1,1,820,0.31,98121,590000
3,2,1622,1521,98125,692950
2,1,1210,2000,98144,725000
3,1.5,1240,5000,98117,850000
3,3,2080,2486,98108,762000
2,2,875,898,98116,625000
1,1,597,,98109,360000
2,2,1370,,98168,280000
4,2,2425,5500,98105,1295000
4,2.5,1760,2670,98144,925000
2,2.5,994,1388,98136,670000
1,1,515,1.31,98109,387000
3,3.5,1660,1228,98144,765000
4,2,1730,7723,98126,875000
5,3,1790,0.23,98125,964000
1,1,715,,98109,500000
2,2,1470,1094,98126,718000
3,2,2440,2700,98103,1000000
4,2,2880,5000,98103,1485000
3,2,1678,1191,98103,1160000
3,2,1400,1281,98117,780000
6,4.5,5200,0.25,98144,3050000
1,1,806,,98102,525000
4,3,2311,6048,98115,1211000
3,1.5,1060,6765,98178,535000
2,1,1150,7425,98118,575000
5,3,2580,4462,98109,1500000
4,3.5,3240,5600,98105,2675000
5,3.5,3710,5259,98199,2525000
4,3.5,1632,0.3,98136,825000
6,7,4641,5000,98112,1850000
3,3.5,1846,2250,98107,1170000
2,2,1353,,98115,770000
3,2,1240,5400,98117,705000
2,1,1760,4264,98126,550000
2,3,1290,,98199,845000
1,1.5,1285,0.96,98121,1250000
4,2.5,3707,8100,98177,2100000
3,2,1120,5518,98106,600000
6,5,3300,6800,98105,3598950
3,2,2160,4590,98115,825000
2,1,1440,7080,98146,488000
5,2,2567,4995,98144,1550000
3,2,1960,3300,98103,865000
3,3.5,1657,,98144,847198
5,3,2610,2550,98109,1795000
2,2,1213,,98116,800000
1,1,777,4.06,98146,244950
3,3.5,1590,1314,98144,899000
2,2,1893,,98115,727000
3,1.5,1570,3880,98117,975000
4,3,2440,8556,98199,1850000
4,4,3463,4304,98112,2050000
2,4.5,1840,1500,98103,1049000
2,2,1554,9.2,98115,660000
1,1,567,,98144,451000
1,1,665,,98109,479425
2,1,950,4300,98144,337000
2,2,1371,5480,98116,1295000
3,2,2040,4000,98144,695000
4,2.5,2780,8967,98136,1530000
5,3.5,3410,5000,98115,1725000
2,1.5,2280,4000,98144,650000
3,2,2100,7800,98168,510000
2,2,1101,1608,98115,780000
4,3.5,1964,,98115,1180000
3,1.5,1030,6086,98125,739000
2,2,1042,1615,98144,630000
3,3.5,1740,5000,98103,1020000
1,2,1302,,98121,740000
2,2,905,,98121,670000
1,1,460,8094,98108,1250000
3,2,1540,993,98122,900000
1,1,656,,98109,470000
5,2,2800,6250,98103,1200000
3,3.5,2480,5118,98122,1500000
5,3,2170,6650,98168,740000
5,4,2447,3100,98117,1500000
3,2,2164,4000,98117,800000
2,1,740,7500,98126,553500
3,2.5,2080,5160,98116,1200000
2,1,1800,2613,98105,25000000
2,2,1180,792,98106,527000
3,2,2020,5525,98117,1625000
3,3.5,1150,1199,98103,625000
3,2,1220,1,98107,824900
2,1,810,6400,98146,435000
1,1,696,0.41,98119,400000
3,3.5,2030,2500,98122,1200000
5,3.5,3930,7650,98133,1800000
5,2,2920,7800,98117,1359000
4,2,1460,5000,98116,787500
4,1.5,2770,3038,98119,850000
2,2,1523,,98121,1425000
3,3.5,1690,1444,98103,965000
3,1,1170,8100,98133,825000
4,2,2370,8775,98125,1125000
1,1,712,,98121,620000
2,1,976,2064,98106,475000
2,2,1042,,98102,610000
2,2,1040,0.29,98102,685000
1,1,722,,98112,452100
2,2,1367,,98121,1350000
1,1,733,,98102,490000
2,1,970,,98116,480000
3,2,1711,1171,98125,675500
2,1,860,8280,98125,675000
1,1,712,,98109,385000
1,1,704,1,98144,569000
3,2.5,1790,5761,98106,590000
3,2,2140,7200,98115,918000
4,3,2040,6348,98103,940000
3,2,1894,2340,98144,697000
4,2.5,2750,5589,98112,1680000
4,3.5,2900,5040,98107,1600000
2,1,670,4500,98106,490000
4,2.5,2190,4590,98136,1075000
4,1.5,1810,9998,98133,764000
3,3,1440,5300,98144,1050000
3,2,2170,7920,98178,560000
2,2,993,0.24,98103,709600
3,3.5,1450,1020,98115,835000
4,3.5,2336,2392,98115,975000
4,3,2320,4640,98112,1472500
3,2,1470,2226,98106,600000
1,1,672,,98107,485000
3,1.5,990,4500,98122,775000
4,3,2110,7680,98115,1180000
3,1,1670,5500,98136,731000
3,2,2060,5280,98126,756110
3,1,1920,7550,98146,456000
3,2.5,2910,5200,98109,1975000
2,1.5,912,1,98103,819980
1,1,645,,98126,305000
2,2.5,1160,1332,98103,850000
3,1,2280,6900,98116,1005000
3,2.5,1515,1563,98102,905000
3,2.5,2600,9100,98146,875000
3,2,1000,1916,98122,710000
2,1,672,0.28,98168,373000
2,2,1320,,98119,860000
3,2,2190,5000,98106,840000
1,2,1517,0.32,98105,1350000
4,2,2160,4000,98122,1400000
4,1,2290,2703,98103,905000
3,1,1920,9399,98117,725000
3,3,1540,1044,98115,800000
2,2,983,,98102,542500
2,1.5,1670,5500,98117,1025000
2,2,880,,98103,614500
2,2,1526,,98109,825000
1,1,569,,98104,435000
4,3,2700,8360,98199,1100000
2,2.5,2282,2.75,98168,475000
7,3.5,4530,5047,98103,2950000
1,1,698,,98121,399999
3,2,1590,2500,98117,880000
2,1,770,,98116,460000
3,2,2840,5196,98199,1400000
6,3,2350,8800,98118,850000
1,1,630,0.35,98104,335000
1,1,482,,98109,220000
4,3.5,4350,7000,98136,2000000
1,3,1730,5500,98118,750000
1,1,761,,98109,400000
3,2,1684,1395,98117,870000
3,2.5,2040,3298,98136,1200000
2,2,1057,0.28,98105,599900
3,2,2256,3500,98119,1370000
4,2,1900,5350,98118,670000
2,1,760,8686,98115,775000
2,1,780,6860,98146,395000
4,3,3020,3254,98106,1499000
1,2.5,2220,2519,98103,1200000
2,2,877,,98115,415000
4,2,1530,8782,98118,645000
2,1,850,6000,98118,580000
3,2.5,1860,7992,98136,1050000
2,2,980,3000,98118,849950
3,2,1470,1348,98107,933500
2,1,980,2226,98144,598000
2,2,1003,,98121,875000
3,1,996,2588,98125,560000
1,1,980,3700,98106,485000
4,1.5,2380,5500,98117,937000
2,2,2470,4800,98102,1525000
4,4,2120,6000,98136,900000
2,2.5,840,2891,98115,720000
4,5,1910,6750,98177,800000
2,1,1380,6613,98106,640000
4,5,2390,6156,98117,1500000
4,3,2840,4550,98122,1399990
2,1,875,,98115,355000
3,2.5,1813,,98116,1275000
3,3.5,2996,5219,98115,2050000
5,3.5,5020,5880,98126,1550000
3,2,1498,1238,98122,935000
2,1,711,5011,98107,485000
4,3,2740,5616,98115,1220000
3,2,1328,859,98103,920000
2,2,1332,1101,98199,845000
3,2,2020,6397,98117,840000
1,1,916,,98121,652500
2,2,1546,1368,98108,669000
4,3,2970,7350,98118,720000
3,3.5,1615,1,98133,796000
2,2,1170,588,98144,625000
3,2,1350,1056,98136,722500
2,2,1143,672,98107,689900
3,2.5,1220,1095,98109,900000
4,1.5,2100,6532,98199,875000
4,1.5,3200,5508,98117,1290000
1,2,1137,,98119,930000
3,2,2930,0.7,98146,775000
2,1,808,,98115,422500
4,4,2550,5300,98117,1550000
2,2,789,0.27,98107,475000
3,3,2546,3600,98109,1810000
2,1,680,8382,98146,565000
2,1.5,1000,1000,98117,640000
3,2,1676,4828,98115,840000
2,1,985,,98121,790000
1,1,750,5750,98116,725000
1,1,843,,98125,370000
4,2,3220,7800,98177,2000000
2,2,2340,6802,98105,1398000
1,1,543,,98109,390000
5,3,4040,4320,98105,1650000
2,1,990,4800,98108,455000
4,4,2850,4900,98105,1755000
4,2.5,1620,6120,98126,849950
1,1,514,,98122,345000
2,1,1240,4317,98116,656500
3,2.5,1620,1377,98112,935000
3,3,1608,2039,98126,625000
4,1,1530,6250,98117,740000
4,2,2270,3600,98119,1335000
1,1,908,,98107,475000
2,1,1180,1560,98122,677000
1,1,672,0.54,98107,464000
3,1.5,998,904,98117,610000
4,2,2220,5775,98144,740000
1,1,700,0.41,98119,405000
7,6,7636,8625,98103,2225000
4,5.5,3530,0.44,98118,1550000
3,2,1620,3840,98117,675000
4,3,1620,3380,98117,950000
2,2,1138,,98126,515000
1,1,669,,98121,385000
4,3.5,2600,4101,98108,1060000
3,2,1960,6138,98115,900000
2,2,950,0.68,98106,395000
2,2,1410,0.25,98112,880000
2,1.5,1022,1,98144,729000
4,2,2840,5750,98126,1175000
1,1,712,,98116,500000
5,2,1920,4173,98118,739000
3,3.5,3880,0.29,98199,2500000
3,2,1010,6300,98106,650000
6,4,3300,3810,98103,1237500
3,1,1070,6567,98178,580000
3,1,1270,7140,98117,1050000
3,2,1413,1,98103,1099970
3,2.5,1820,3090,98115,1030000
2,2,1415,,98125,469000
3,3,2212,,98109,1470000
3,3.5,3290,7338,98126,1400000
2,2,1391,1049,98115,672500
2,2,1372,900,98125,649950
2,1.5,960,8057,98199,515000
3,2.5,1890,1097,98144,699000
4,3,2230,6700,98115,1150000
1,1.5,952,,98101,750000
2,1,925,,98103,535000
4,2,1820,5600,98117,760000
8,4.5,3600,4360,98105,1500000
2,2.5,1305,2044,98116,770000
3,2,1840,3880,98117,959630
1,1,782,,98101,519990
2,2.5,1040,990,98117,705000
2,2,1050,,98103,480000
2,2,1019,,98119,813000
4,2.5,3198,5000,98103,1712000
1,1,557,,98105,222000
2,2.5,950,1500,98107,675000
3,1,1050,4080,98117,835000
1,1,533,,98126,300000
3,1,860,8054,98178,425000
4,3,1890,1097,98144,699000
2,2.5,1138,3.97,98126,515000
4,2,1830,9920,98146,535000
2,1,1980,2295,98144,699950
3,5.5,1730,1766,98105,850000
3,3,2462,2272,98117,915000
3,3.5,1300,1994,98106,583000
4,2,1550,6000,98103,1325000
3,3.5,1679,1,98126,689000
3,1,1220,5850,98116,680000
3,1.5,1540,8505,98178,535000
3,2,1520,2185,98116,916500
3,1,1320,6250,98168,529000
2,1,1290,1875,98103,640000
3,2.5,1870,837,98117,890000
3,3.5,1762,1494,98102,1000000
3,1,1240,4842,98118,531000
3,1.5,1307,1362,98125,650000
2,2,1167,,98107,650000
2,1.5,1070,1569,98103,849950
2,1,1820,7500,98125,1037300
3,2,1790,4080,98115,900000
5,3.5,3700,5520,98119,2050000
4,3.5,3340,6300,98144,2100000
4,2.5,2250,7650,98106,924900
3,2,1799,1471,98103,940000
1,1,584,,98199,411000
5,2.5,4639,8036,98112,3350000
3,1,1810,0.24,98178,512000
1,1,907,,98119,585000
3,2,2120,6009,98117,1345000
1,1,616,0.35,98101,399900
6,6,1780,7900,98168,733500
4,2,2630,8750,98115,1350000
5,3,3060,6250,98116,950000
3,2,2700,0.37,98178,734000
5,4,2030,6000,98144,670000
3,2.5,1620,1423,98122,770000
5,4.5,5704,7200,98119,4000000
2,1,700,4000,98117,800000
2,3,1260,3920,98117,770000
4,2,1770,3920,98115,1425000
4,2.5,1812,1632,98136,825000
1,1,648,,98121,395000
2,2,840,1177,98144,725000
3,2,2100,7800,98136,845000
5,3,2550,9192,98125,1450000
1,1,774,,98146,265000
2,2.5,1736,,98122,970000
3,2.5,2198,2621,98144,1675000
2,1,770,6501,98125,620000
2,2,1150,2462,98107,725000
3,2,2330,5280,98103,1098000
5,4.5,4693,0.24,98122,2650000
3,3,1790,7286,98125,755000
4,3.5,2960,4500,98103,1700000
1,1,591,,98119,434000
2,2,1391,0.34,98109,860000
3,2,1160,7500,98178,566000
1,1,720,,98126,365000
1,1,701,,98115,325000
4,2,2570,4800,98103,1495000
3,2,1611,4648,98107,915000
4,2.5,2474,2970,98115,1725000
3,2,1300,2997,98144,778000
2,2.5,840,1224,98144,620000
2,2,1100,698,98107,749000
3,2.5,2730,3000,98122,1199000
2,2,1004,,98125,325000
3,3,1650,1622,98103,950000
3,3,1650,1376,98103,974999
4,1,1850,4500,98118,600000
5,3.5,4050,3600,98119,2895000
1,1,865,1.26,98112,712500
2,2,1252,,98121,1349000
3,3,1790,7080,98109,1325000
5,3,2020,6000,98119,899000
3,1.5,1280,4000,98144,750000
4,2,1630,4982,98116,942000
3,3.5,1460,1200,98117,740000
3,2,1210,1374,98103,875000
4,2,2080,5250,98116,1098000
4,2,3542,5000,98144,1150000
3,1.5,2200,4800,98117,860000
1,1,603,,98133,400000
2,2,1456,,98199,575000
2,2.5,1169,1092,98117,615000
2,1,1770,4800,98103,926000
4,2,1641,6122,98118,538800
1,1,600,,98122,310000
2,1.5,860,1154,98122,734950
4,3.5,4990,0.25,98112,4815000
3,2,1749,1149,98125,699950
3,4,1580,1086,98144,825000
3,2.5,2340,8000,98177,1900000
6,3,2440,8000,98144,925000
1,1,705,,98103,490000
2,2,1227,1393,98115,715000
5,4,2734,3774,98115,1300000
2,2,839,0.53,98125,385000
3,1,1120,7407,98178,708000
3,2,1482,1085,98117,919000
3,3.5,1680,1486,98126,675000
2,2,1400,0.34,98199,699950
3,2,1370,0.5,98112,910000
1,1,889,,98121,550000
4,2,2140,6250,98199,1150000
2,2,795,,98103,590000
3,2,1710,4267,98133,659000
